{
  "charInfo": {
    "0": {
      "x": 743,
      "y": 0,
      "height": 29,
      "width": 22.24609375,
      "yOffset": 13
    },
    "1": {
      "x": 795,
      "y": 0,
      "height": 28,
      "width": 22.24609375,
      "yOffset": 13
    },
    "2": {
      "x": 843,
      "y": 0,
      "height": 29,
      "width": 22.24609375,
      "yOffset": 12
    },
    "3": {
      "x": 895,
      "y": 0,
      "height": 30,
      "width": 22.24609375,
      "yOffset": 12
    },
    "4": {
      "x": 947,
      "y": 0,
      "height": 29,
      "width": 22.24609375,
      "yOffset": 12
    },
    "5": {
      "x": 999,
      "y": 0,
      "height": 29,
      "width": 22.24609375,
      "yOffset": 13
    },
    "6": {
      "x": 1051,
      "y": 0,
      "height": 30,
      "width": 22.24609375,
      "yOffset": 12
    },
    "7": {
      "x": 1104,
      "y": 0,
      "height": 28,
      "width": 22.24609375,
      "yOffset": 13
    },
    "8": {
      "x": 1157,
      "y": 0,
      "height": 30,
      "width": 22.24609375,
      "yOffset": 12
    },
    "9": {
      "x": 1209,
      "y": 0,
      "height": 30,
      "width": 22.24609375,
      "yOffset": 12
    },
    " ": {
      "x": 0,
      "y": 0,
      "height": 0,
      "width": 11.11328125,
      "yOffset": 40
    },
    "!": {
      "x": 30,
      "y": 0,
      "height": 29,
      "width": 11.11328125,
      "yOffset": 12
    },
    "\"": {
      "x": 74,
      "y": 0,
      "height": 12,
      "width": 14.19921875,
      "yOffset": 12
    },
    "#": {
      "x": 118,
      "y": 0,
      "height": 29,
      "width": 22.24609375,
      "yOffset": 12
    },
    "$": {
      "x": 171,
      "y": 0,
      "height": 37,
      "width": 22.24609375,
      "yOffset": 9
    },
    "%": {
      "x": 223,
      "y": 0,
      "height": 29,
      "width": 35.56640625,
      "yOffset": 13
    },
    "&": {
      "x": 289,
      "y": 0,
      "height": 30,
      "width": 26.6796875,
      "yOffset": 12
    },
    "'": {
      "x": 347,
      "y": 0,
      "height": 12,
      "width": 7.63671875,
      "yOffset": 12
    },
    "(": {
      "x": 387,
      "y": 0,
      "height": 39,
      "width": 13.3203125,
      "yOffset": 11
    },
    ")": {
      "x": 432,
      "y": 0,
      "height": 39,
      "width": 13.3203125,
      "yOffset": 11
    },
    "*": {
      "x": 474,
      "y": 0,
      "height": 12,
      "width": 15.56640625,
      "yOffset": 12
    },
    "+": {
      "x": 520,
      "y": 0,
      "height": 21,
      "width": 23.359375,
      "yOffset": 20
    },
    ",": {
      "x": 574,
      "y": 0,
      "height": 11,
      "width": 11.11328125,
      "yOffset": 36
    },
    "-": {
      "x": 615,
      "y": 0,
      "height": 4,
      "width": 13.3203125,
      "yOffset": 28
    },
    ".": {
      "x": 659,
      "y": 0,
      "height": 5,
      "width": 11.11328125,
      "yOffset": 36
    },
    "/": {
      "x": 700,
      "y": 0,
      "height": 29,
      "width": 11.11328125,
      "yOffset": 12
    },
    ":": {
      "x": 1261,
      "y": 0,
      "height": 21,
      "width": 11.11328125,
      "yOffset": 20
    },
    ";": {
      "x": 1304,
      "y": 0,
      "height": 27,
      "width": 11.11328125,
      "yOffset": 20
    },
    "<": {
      "x": 1348,
      "y": 0,
      "height": 22,
      "width": 23.359375,
      "yOffset": 20
    },
    "=": {
      "x": 1402,
      "y": 0,
      "height": 13,
      "width": 23.359375,
      "yOffset": 24
    },
    ">": {
      "x": 1456,
      "y": 0,
      "height": 22,
      "width": 23.359375,
      "yOffset": 20
    },
    "?": {
      "x": 1510,
      "y": 0,
      "height": 30,
      "width": 22.24609375,
      "yOffset": 11
    },
    "@": {
      "x": 1564,
      "y": 0,
      "height": 31,
      "width": 40.60546875,
      "yOffset": 11
    },
    "A": {
      "x": 1635,
      "y": 0,
      "height": 29,
      "width": 26.6796875,
      "yOffset": 12
    },
    "B": {
      "x": 1692,
      "y": 0,
      "height": 29,
      "width": 26.6796875,
      "yOffset": 12
    },
    "C": {
      "x": 1751,
      "y": 0,
      "height": 31,
      "width": 28.88671875,
      "yOffset": 11
    },
    "D": {
      "x": 1810,
      "y": 0,
      "height": 29,
      "width": 28.88671875,
      "yOffset": 12
    },
    "E": {
      "x": 1871,
      "y": 0,
      "height": 29,
      "width": 26.6796875,
      "yOffset": 12
    },
    "F": {
      "x": 1930,
      "y": 0,
      "height": 29,
      "width": 24.43359375,
      "yOffset": 12
    },
    "G": {
      "x": 0,
      "y": 59,
      "height": 31,
      "width": 31.11328125,
      "yOffset": 11
    },
    "H": {
      "x": 61,
      "y": 59,
      "height": 29,
      "width": 28.88671875,
      "yOffset": 12
    },
    "I": {
      "x": 121,
      "y": 59,
      "height": 29,
      "width": 11.11328125,
      "yOffset": 12
    },
    "J": {
      "x": 163,
      "y": 59,
      "height": 30,
      "width": 20,
      "yOffset": 12
    },
    "K": {
      "x": 211,
      "y": 59,
      "height": 29,
      "width": 26.6796875,
      "yOffset": 12
    },
    "L": {
      "x": 271,
      "y": 59,
      "height": 29,
      "width": 22.24609375,
      "yOffset": 12
    },
    "M": {
      "x": 326,
      "y": 59,
      "height": 29,
      "width": 33.3203125,
      "yOffset": 12
    },
    "N": {
      "x": 390,
      "y": 59,
      "height": 29,
      "width": 28.88671875,
      "yOffset": 12
    },
    "O": {
      "x": 449,
      "y": 59,
      "height": 31,
      "width": 31.11328125,
      "yOffset": 11
    },
    "P": {
      "x": 511,
      "y": 59,
      "height": 29,
      "width": 26.6796875,
      "yOffset": 12
    },
    "Q": {
      "x": 570,
      "y": 59,
      "height": 33,
      "width": 31.11328125,
      "yOffset": 11
    },
    "R": {
      "x": 632,
      "y": 59,
      "height": 29,
      "width": 28.88671875,
      "yOffset": 12
    },
    "S": {
      "x": 693,
      "y": 59,
      "height": 31,
      "width": 26.6796875,
      "yOffset": 11
    },
    "T": {
      "x": 750,
      "y": 59,
      "height": 29,
      "width": 24.43359375,
      "yOffset": 12
    },
    "U": {
      "x": 805,
      "y": 59,
      "height": 30,
      "width": 28.88671875,
      "yOffset": 12
    },
    "V": {
      "x": 865,
      "y": 59,
      "height": 29,
      "width": 26.6796875,
      "yOffset": 12
    },
    "W": {
      "x": 923,
      "y": 59,
      "height": 29,
      "width": 37.75390625,
      "yOffset": 12
    },
    "X": {
      "x": 991,
      "y": 59,
      "height": 29,
      "width": 26.6796875,
      "yOffset": 12
    },
    "Y": {
      "x": 1048,
      "y": 59,
      "height": 29,
      "width": 26.6796875,
      "yOffset": 12
    },
    "Z": {
      "x": 1106,
      "y": 59,
      "height": 29,
      "width": 24.43359375,
      "yOffset": 12
    },
    "[": {
      "x": 1161,
      "y": 59,
      "height": 37,
      "width": 11.11328125,
      "yOffset": 12
    },
    "\\": {
      "x": 1204,
      "y": 59,
      "height": 29,
      "width": 11.11328125,
      "yOffset": 12
    },
    "]": {
      "x": 1246,
      "y": 59,
      "height": 37,
      "width": 11.11328125,
      "yOffset": 12
    },
    "^": {
      "x": 1286,
      "y": 59,
      "height": 18,
      "width": 18.76953125,
      "yOffset": 12
    },
    "_": {
      "x": 1338,
      "y": 59,
      "height": 2,
      "width": 22.24609375,
      "yOffset": 44
    },
    "`": {
      "x": 1391,
      "y": 59,
      "height": 7,
      "width": 13.3203125,
      "yOffset": 11
    },
    "a": {
      "x": 1431,
      "y": 59,
      "height": 23,
      "width": 22.24609375,
      "yOffset": 19
    },
    "b": {
      "x": 1484,
      "y": 59,
      "height": 30,
      "width": 22.24609375,
      "yOffset": 12
    },
    "c": {
      "x": 1538,
      "y": 59,
      "height": 23,
      "width": 20,
      "yOffset": 19
    },
    "d": {
      "x": 1589,
      "y": 59,
      "height": 30,
      "width": 22.24609375,