{
  "charInfo": {
    "0": {
      "x": 583,
      "y": 0,
      "height": 29,
      "width": 22.24609375,
      "yOffset": 13
    },
    "1": {
      "x": 625,
      "y": 0,
      "height": 28,
      "width": 22.24609375,
      "yOffset": 13
    },
    "2": {
      "x": 663,
      "y": 0,
      "height": 29,
      "width": 22.24609375,
      "yOffset": 12
    },
    "3": {
      "x": 705,
      "y": 0,
      "height": 30,
      "width": 22.24609375,
      "yOffset": 12
    },
    "4": {
      "x": 747,
      "y": 0,
      "height": 29,
      "width": 22.24609375,
      "yOffset": 12
    },
    "5": {
      "x": 789,
      "y": 0,
      "height": 29,
      "width": 22.24609375,
      "yOffset": 13
    },
    "6": {
      "x": 831,
      "y": 0,
      "height": 30,
      "width": 22.24609375,
      "yOffset": 12
    },
    "7": {
      "x": 874,
      "y": 0,
      "height": 28,
      "width": 22.24609375,
      "yOffset": 13
    },
    "8": {
      "x": 917,
      "y": 0,
      "height": 30,
      "width": 22.24609375,
      "yOffset": 12
    },
    "9": {
      "x": 959,
      "y": 0,
      "height": 30,
      "width": 22.24609375,
      "yOffset": 12
    },
    " ": {
      "x": 0,
      "y": 0,
      "height": 0,
      "width": 11.11328125,
      "yOffset": 40
    },
    "!": {
      "x": 20,
      "y": 0,
      "height": 29,
      "width": 11.11328125,
      "yOffset": 12
    },
    "\"": {
      "x": 54,
      "y": 0,
      "height": 12,
      "width": 14.19921875,
      "yOffset": 12
    },
    "#": {
      "x": 88,
      "y": 0,
      "height": 29,
      "width": 22.24609375,
      "yOffset": 12
    },
    "$": {
      "x": 131,
      "y": 0,
      "height": 37,
      "width": 22.24609375,
      "yOffset": 9
    },
    "%": {
      "x": 173,
      "y": 0,
      "height": 29,
      "width": 35.56640625,
      "yOffset": 13
    },
    "&": {
      "x": 229,
      "y": 0,
      "height": 30,
      "width": 26.6796875,
      "yOffset": 12
    },
    "'": {
      "x": 277,
      "y": 0,
      "height": 12,
      "width": 7.63671875,
      "yOffset": 12
    },
    "(": {
      "x": 307,
      "y": 0,
      "height": 39,
      "width": 13.3203125,
      "yOffset": 11
    },
    ")": {
      "x": 342,
      "y": 0,
      "height": 39,
      "width": 13.3203125,
      "yOffset": 11
    },
    "*": {
      "x": 374,
      "y": 0,
      "height": 12,
      "width": 15.56640625,
      "yOffset": 12
    },
    "+": {
      "x": 410,
      "y": 0,
      "height": 21,
      "width": 23.359375,
      "yOffset": 20
    },
    ",": {
      "x": 454,
      "y": 0,
      "height": 11,
      "width": 11.11328125,
      "yOffset": 36
    },
    "-": {
      "x": 485,
      "y": 0,
      "height": 4,
      "width": 13.3203125,
      "yOffset": 28
    },
    ".": {
      "x": 519,
      "y": 0,
      "height": 5,
      "width": 11.11328125,
      "yOffset": 36
    },
    "/": {
      "x": 550,
      "y": 0,
      "height": 29,
      "width": 11.11328125,
      "yOffset": 12
    },
    ":": {
      "x": 1001,
      "y": 0,
      "height": 21,
      "width": 11.11328125,
      "yOffset": 20
    },
    ";": {
      "x": 1034,
      "y": 0,
      "height": 27,
      "width": 11.11328125,
      "yOffset": 20
    },
    "<": {
      "x": 1068,
      "y": 0,
      "height": 22,
      "width": 23.359375,
      "yOffset": 20
    },
    "=": {
      "x": 1112,
      "y": 0,
      "height": 13,
      "width": 23.359375,
      "yOffset": 24
    },
    ">": {
      "x": 1156,
      "y": 0,
      "height": 22,
      "width": 23.359375,
      "yOffset": 20
    },
    "?": {
      "x": 1200,
      "y": 0,
      "height": 30,
      "width": 22.24609375,
      "yOffset": 11
    },
    "@": {
      "x": 1244,
      "y": 0,
      "height": 31,
      "width": 40.60546875,
      "yOffset": 11
    },
    "A": {
      "x": 1305,
      "y": 0,
      "height": 29,
      "width": 26.6796875,
      "yOffset": 12
    },
    "B": {
      "x": 1352,
      "y": 0,
      "height": 29,
      "width": 26.6796875,
      "yOffset": 12
    },
    "C": {
      "x": 1401,
      "y": 0,
      "height": 31,
      "width": 28.88671875,
      "yOffset": 11
    },
    "D": {
      "x": 1450,
      "y": 0,
      "height": 29,
      "width": 28.88671875,
      "yOffset": 12
    },
    "E": {
      "x": 1501,
      "y": 0,
      "height": 29,
      "width": 26.6796875,
      "yOffset": 12
    },
    "F": {
      "x": 1550,
      "y": 0,
      "height": 29,
      "width": 24.43359375,
      "yOffset": 12
    },
    "G": {
      "x": 1597,
      "y": 0,
      "height": 31,
      "width": 31.11328125,
      "yOffset": 11
    },
    "H": {
      "x": 1648,
      "y": 0,
      "height": 29,
      "width": 28.88671875,
      "yOffset": 12
    },
    "I": {
      "x": 1698,
      "y": 0,
      "height": 29,
      "width": 11.11328125,
      "yOffset": 12
    },
    "J": {
      "x": 1730,
      "y": 0,
      "height": 30,
      "width": 20,
      "yOffset": 12
    },
    "K": {
      "x": 1768,
      "y": 0,
      "height": 29,
      "width": 26.6796875,
      "yOffset": 12
    },
    "L": {
      "x": 1818,
      "y": 0,
      "height": 29,
      "width": 22.24609375,
      "yOffset": 12
    },
    "M": {
      "x": 1863,
      "y": 0,
      "height": 29,
      "width": 33.3203125,
      "yOffset": 12
    },
    "N": {
      "x": 1917,
      "y": 0,
      "height": 29,
      "width": 28.88671875,
      "yOffset": 12
    },
    "O": {
      "x": 0,
      "y": 59,
      "height": 31,
      "width": 31.11328125,
      "yOffset": 11
    },
    "P": {
      "x": 52,
      "y": 59,
      "height": 29,
      "width": 26.6796875,
      "yOffset": 12
    },
    "Q": {
      "x": 101,
      "y": 59,
      "height": 33,
      "width": 31.11328125,
      "yOffset": 11
    },
    "R": {
      "x": 153,
      "y": 59,
      "height": 29,
      "width": 28.88671875,
      "yOffset": 12
    },
    "S": {
      "x": 204,
      "y": 59,
      "height": 31,
      "width": 26.6796875,
      "yOffset": 11
    },
    "T": {
      "x": 251,
      "y": 59,
      "height": 29,
      "width": 24.43359375,
      "yOffset": 12
    },
    "U": {
      "x": 296,
      "y": 59,
      "height": 30,
      "width": 28.88671875,
      "yOffset": 12
    },
    "V": {
      "x": 346,
      "y": 59,
      "height": 29,
      "width": 26.6796875,
      "yOffset": 12
    },
    "W": {
      "x": 394,
      "y": 59,
      "height": 29,
      "width": 37.75390625,
      "yOffset": 12
    },
    "X": {
      "x": 452,
      "y": 59,
      "height": 29,
      "width": 26.6796875,
      "yOffset": 12
    },
    "Y": {
      "x": 499,
      "y": 59,
      "height": 29,
      "width": 26.6796875,
      "yOffset": 12
    },
    "Z": {
      "x": 547,
      "y": 59,
      "height": 29,
      "width": 24.43359375,
      "yOffset": 12
    },
    "[": {
      "x": 592,
      "y": 59,
      "height": 37,
      "width": 11.11328125,
      "yOffset": 12
    },
    "\\": {
      "x": 625,
      "y": 59,
      "height": 29,
      "width": 11.11328125,
      "yOffset": 12
    },
    "]": {
      "x": 657,
      "y": 59,
      "height": 37,
      "width": 11.11328125,
      "yOffset": 12
    },
    "^": {
      "x": 687,
      "y": 59,
      "height": 18,
      "width": 18.76953125,
      "yOffset": 12
    },
    "_": {
      "x": 729,
      "y": 59,
      "height": 2,
      "width": 22.24609375,
      "yOffset": 44
    },
    "`": {
      "x": 772,
      "y": 59,
      "height": 7,
      "width": 13.3203125,
      "yOffset": 11
    },
    "a": {
      "x": 802,
      "y": 59,
      "height": 23,
      "width": 22.24609375,
      "yOffset": 19
    },
    "b": {
      "x": 845,
      "y": 59,
      "height": 30,
      "width": 22.24609375,
      "yOffset": 12
    },
    "c": {
      "x": 889,
      "y": 59,
      "height": 23,
      "width": 20,
      "yOffset": 19
    },
    "d": {
      "x": 930,
      "y": 59,
      "height": 30,
      "width": 22.24609375,