{
  "charInfo": {
    "0": {
      "x": 1511,
      "y": 0,
      "height": 116,
      "width": 88.984375,
      "yOffset": 49
    },
    "1": {
      "x": 1629,
      "y": 0,
      "height": 112,
      "width": 88.984375,
      "yOffset": 49
    },
    "2": {
      "x": 1731,
      "y": 0,
      "height": 113,
      "width": 88.984375,
      "yOffset": 48
    },
    "3": {
      "x": 1849,
      "y": 0,
      "height": 117,
      "width": 88.984375,
      "yOffset": 48
    },
    "4": {
      "x": 0,
      "y": 170,
      "height": 113,
      "width": 88.984375,
      "yOffset": 48
    },
    "5": {
      "x": 118,
      "y": 170,
      "height": 113,
      "width": 88.984375,
      "yOffset": 50
    },
    "6": {
      "x": 236,
      "y": 170,
      "height": 116,
      "width": 88.984375,
      "yOffset": 48
    },
    "7": {
      "x": 355,
      "y": 170,
      "height": 110,
      "width": 88.984375,
      "yOffset": 50
    },
    "8": {
      "x": 475,
      "y": 170,
      "height": 117,
      "width": 88.984375,
      "yOffset": 48
    },
    "9": {
      "x": 593,
      "y": 170,
      "height": 117,
      "width": 88.984375,
      "yOffset": 48
    },
    " ": {
      "x": 0,
      "y": 0,
      "height": 0,
      "width": 44.453125,
      "yOffset": 160
    },
    "!": {
      "x": 30,
      "y": 0,
      "height": 115,
      "width": 44.453125,
      "yOffset": 46
    },
    "\"": {
      "x": 113,
      "y": 0,
      "height": 47,
      "width": 56.796875,
      "yOffset": 46
    },
    "#": {
      "x": 197,
      "y": 0,
      "height": 115,
      "width": 88.984375,
      "yOffset": 46
    },
    "$": {
      "x": 316,
      "y": 0,
      "height": 144,
      "width": 88.984375,
      "yOffset": 36
    },
    "%": {
      "x": 434,
      "y": 0,
      "height": 115,
      "width": 142.265625,
      "yOffset": 49
    },
    "&": {
      "x": 606,
      "y": 0,
      "height": 118,
      "width": 106.71875,
      "yOffset": 46
    },
    "'": {
      "x": 747,
      "y": 0,
      "height": 47,
      "width": 30.546875,
      "yOffset": 46
    },
    "(": {
      "x": 816,
      "y": 0,
      "height": 150,
      "width": 53.28125,
      "yOffset": 44
    },
    ")": {
      "x": 905,
      "y": 0,
      "height": 150,
      "width": 53.28125,
      "yOffset": 44
    },
    "*": {
      "x": 983,
      "y": 0,
      "height": 47,
      "width": 62.265625,
      "yOffset": 46
    },
    "+": {
      "x": 1075,
      "y": 0,
      "height": 82,
      "width": 93.4375,
      "yOffset": 79
    },
    ",": {
      "x": 1201,
      "y": 0,
      "height": 42,
      "width": 44.453125,
      "yOffset": 143
    },
    "-": {
      "x": 1275,
      "y": 0,
      "height": 15,
      "width": 53.28125,
      "yOffset": 109
    },
    ".": {
      "x": 1358,
      "y": 0,
      "height": 18,
      "width": 44.453125,
      "yOffset": 143
    },
    "/": {
      "x": 1432,
      "y": 0,
      "height": 115,
      "width": 44.453125,
      "yOffset": 46
    },
    ":": {
      "x": 711,
      "y": 170,
      "height": 83,
      "width": 44.453125,
      "yOffset": 78
    },
    ";": {
      "x": 793,
      "y": 170,
      "height": 107,
      "width": 44.453125,
      "yOffset": 78
    },
    "<": {
      "x": 876,
      "y": 170,
      "height": 86,
      "width": 93.4375,
      "yOffset": 77
    },
    "=": {
      "x": 1002,
      "y": 170,
      "height": 48,
      "width": 93.4375,
      "yOffset": 96
    },
    ">": {
      "x": 1128,
      "y": 170,
      "height": 86,
      "width": 93.4375,
      "yOffset": 77
    },
    "?": {
      "x": 1254,
      "y": 170,
      "height": 117,
      "width": 88.984375,
      "yOffset": 44
    },
    "@": {
      "x": 1378,
      "y": 170,
      "height": 122,
      "width": 162.421875,
      "yOffset": 43
    },
    "A": {
      "x": 1571,
      "y": 170,
      "height": 115,
      "width": 106.71875,
      "yOffset": 46
    },
    "B": {
      "x": 1709,
      "y": 170,
      "height": 115,
      "width": 106.71875,
      "yOffset": 46
    },
    "C": {
      "x": 0,
      "y": 330,
      "height": 121,
      "width": 115.546875,
      "yOffset": 43
    },
    "D": {
      "x": 146,
      "y": 330,
      "height": 115,
      "width": 115.546875,
      "yOffset": 46
    },
    "E": {
      "x": 297,
      "y": 330,
      "height": 115,
      "width": 106.71875,
      "yOffset": 46
    },
    "F": {
      "x": 440,
      "y": 330,
      "height": 115,
      "width": 97.734375,
      "yOffset": 46
    },
    "G": {
      "x": 577,
      "y": 330,
      "height": 122,
      "width": 124.453125,
      "yOffset": 43
    },
    "H": {
      "x": 728,
      "y": 330,
      "height": 115,
      "width": 115.546875,
      "yOffset": 46
    },
    "I": {
      "x": 875,
      "y": 330,
      "height": 115,
      "width": 44.453125,
      "yOffset": 46
    },
    "J": {
      "x": 953,
      "y": 330,
      "height": 119,
      "width": 80,
      "yOffset": 46
    },
    "K": {
      "x": 1055,
      "y": 330,
      "height": 115,
      "width": 106.71875,
      "yOffset": 46
    },
    "L": {
      "x": 1204,
      "y": 330,
      "height": 115,
      "width": 88.984375,
      "yOffset": 46
    },
    "M": {
      "x": 1333,
      "y": 330,
      "height": 115,
      "width": 133.28125,
      "yOffset": 46
    },
    "N": {
      "x": 1497,
      "y": 330,
      "height": 115,
      "width": 115.546875,
      "yOffset": 46
    },
    "O": {
      "x": 1643,
      "y": 330,
      "height": 122,
      "width": 124.453125,
      "yOffset": 43
    },
    "P": {
      "x": 1798,
      "y": 330,
      "height": 115,
      "width": 106.71875,
      "yOffset": 46
    },
    "Q": {
      "x": 0,
      "y": 490,
      "height": 128,
      "width": 124.453125,
      "yOffset": 43
    },
    "R": {
      "x": 155,
      "y": 490,
      "height": 115,
      "width": 115.546875,
      "yOffset": 46
    },
    "S": {
      "x": 309,
      "y": 490,
      "height": 122,
      "width": 106.71875,
      "yOffset": 43
    },
    "T": {
      "x": 446,
      "y": 490,
      "height": 115,
      "width": 97.734375,
      "yOffset": 46
    },
    "U": {
      "x": 575,
      "y": 490,
      "height": 119,
      "width": 115.546875,
      "yOffset": 46
    },
    "V": {
      "x": 722,
      "y": 490,
      "height": 115,
      "width": 106.71875,
      "yOffset": 46
    },
    "W": {
      "x": 861,
      "y": 490,
      "height": 115,
      "width": 151.015625,
      "yOffset": 46
    },
    "X": {
      "x": 1043,
      "y": 490,
      "height": 115,
      "width": 106.71875,
      "yOffset": 46
    },
    "Y": {
      "x": 1181,
      "y": 490,
      "height": 115,
      "width": 106.71875,
      "yOffset": 46
    },
    "Z": {
      "x": 1320,
      "y": 490,
      "height": 115,
      "width": 97.734375,
      "yOffset": 46
    },
    "[": {
      "x": 1448,
      "y": 490,
      "height": 148,
      "width": 44.453125,
      "yOffset": 45
    },
    "\\": {
      "x": 1528,
      "y": 490,
      "height": 115,
      "width": 44.453125,
      "yOffset": 46
    },
    "]": {
      "x": 1605,
      "y": 490,
      "height": 148,
      "width": 44.453125,
      "yOffset": 45
    },
    "^": {
      "x": 1673,
      "y": 490,
      "height": 68,
      "width": 75.078125,
      "yOffset": 46
    },
    "_": {
      "x": 1789,
      "y": 490,
      "height": 8,
      "width": 88.984375,
      "yOffset": 173
    },
    "`": {
      "x": 1908,
      "y": 490,
      "height": 24,
      "width": 53.28125,
      "yOffset": 43
    },
    "a": {
      "x": 0,
      "y": 658,
      "height": 89,
      "width": 88.984375,
      "yOffset": 75
    },
    "b": {
      "x": 122,
      "y": 658,
      "height": 119,
      "width": 88.984375,
      "yOffset": 45
    },
    "c": {
      "x": 245,
      "y": 658,
      "height": 90,
      "width": 80,
      "yOffset": 74
    },
    "d": {
      "x": 356,
      "y": 658,
      "height": 119,