{
  "charInfo": {
    "0": { "x": 1380, "y": 0, "width": 88.984375 },
    "1": { "x": 1489, "y": 0, "width": 88.984375 },
    "2": { "x": 1598, "y": 0, "width": 88.984375 },
    "3": { "x": 1707, "y": 0, "width": 88.984375 },
    "4": { "x": 1816, "y": 0, "width": 88.984375 },
    "5": { "x": 1925, "y": 0, "width": 88.984375 },
    "6": { "x": 0, "y": 180, "width": 88.984375 },
    "7": { "x": 109, "y": 180, "width": 88.984375 },
    "8": { "x": 218, "y": 180, "width": 88.984375 },
    "9": { "x": 327, "y": 180, "width": 88.984375 },
    " ": { "x": 0, "y": 0, "width": 44.453125 },
    "!": { "x": 65, "y": 0, "width": 44.453125 },
    "\"": { "x": 130, "y": 0, "width": 56.796875 },
    "#": { "x": 207, "y": 0, "width": 88.984375 },
    "$": { "x": 316, "y": 0, "width": 88.984375 },
    "%": { "x": 425, "y": 0, "width": 142.265625 },
    "&": { "x": 588, "y": 0, "width": 106.71875 },
    "'": { "x": 715, "y": 0, "width": 30.546875 },
    "(": { "x": 766, "y": 0, "width": 53.28125 },
    ")": { "x": 840, "y": 0, "width": 53.28125 },
    "*": { "x": 914, "y": 0, "width": 62.265625 },
    "+": { "x": 997, "y": 0, "width": 93.4375 },
    ",": { "x": 1111, "y": 0, "width": 44.453125 },
    "-": { "x": 1176, "y": 0, "width": 53.28125 },
    ".": { "x": 1250, "y": 0, "width": 44.453125 },
    "/": { "x": 1315, "y": 0, "width": 44.453125 },
    ":": { "x": 436, "y": 180, "width": 44.453125 },
    ";": { "x": 501, "y": 180, "width": 44.453125 },
    "<": { "x": 566, "y": 180, "width": 93.4375 },
    "=": { "x": 680, "y": 180, "width": 93.4375 },
    ">": { "x": 794, "y": 180, "width": 93.4375 },
    "?": { "x": 908, "y": 180, "width": 88.984375 },
    "@": { "x": 1017, "y": 180, "width": 162.421875 },
    "A": { "x": 1200, "y": 180, "width": 106.71875 },
    "B": { "x": 1327, "y": 180, "width": 106.71875 },
    "C": { "x": 1454, "y": 180, "width": 115.546875 },
    "D": { "x": 1590, "y": 180, "width": 115.546875 },
    "E": { "x": 1726, "y": 180, "width": 106.71875 },
    "F": { "x": 1853, "y": 180, "width": 97.734375 },
    "G": { "x": 0, "y": 360, "width": 124.453125 },
    "H": { "x": 145, "y": 360, "width": 115.546875 },
    "I": { "x": 281, "y": 360, "width": 44.453125 },
    "J": { "x": 346, "y": 360, "width": 80 },
    "K": { "x": 446, "y": 360, "width": 106.71875 },
    "L": { "x": 573, "y": 360, "width": 88.984375 },
    "M": { "x": 682, "y": 360, "width": 133.28125 },
    "N": { "x": 836, "y": 360, "width": 115.546875 },
    "O": { "x": 972, "y": 360, "width": 124.453125 },
    "P": { "x": 1117, "y": 360, "width": 106.71875 },
    "Q": { "x": 1244, "y": 360, "width": 124.453125 },
    "R": { "x": 1389, "y": 360, "width": 115.546875 },
    "S": { "x": 1525, "y": 360, "width": 106.71875 },
    "T": { "x": 1652, "y": 360, "width": 97.734375 },
    "U": { "x": 1770, "y": 360, "width": 115.546875 },
    "V": { "x": 1906, "y": 360, "width": 106.71875 },
    "W": { "x": 0, "y": 540, "width": 151.015625 },
    "X": { "x": 172, "y": 540, "width": 106.71875 },
    "Y": { "x": 299, "y": 540, "width": 106.71875 },
    "Z": { "x": 426, "y": 540, "width": 97.734375 },
    "[": { "x": 544, "y": 540, "width": 44.453125 },
    "\\": { "x": 609, "y": 540, "width": 44.453125 },
    "]": { "x": 674, "y": 540, "width": 44.453125 },
    "^": { "x": 739, "y": 540, "width": 75.078125 },
    "_": { "x": 835, "y": 540, "width": 88.984375 },
    "`": { "x": 944, "y": 540, "width": 53.28125 },
    "a": { "x": 1018, "y": 540, "width": 88.984375 },
    "b": { "x": 1127, "y": 540, "width": 88.984375 },
    "c": { "x": 1236, "y": 540, "width": 80 },
    "d": { "x": 1336, "y": 540, "width": 88.984375 },
    "e": { "x": 1445, "y": 540, "width": 88.984375 },
    "f": { "x": 1554, "y": 540, "width": 44.453125 },
    "g": { "x": 1619, "y": 540, "width": 88.984375 },
    "h": { "x": 1728, "y": 540, "width": 88.984375 },
    "i": { "x": 1837, "y": 540, "width": 35.546875 },
    "j": { "x": 1893, "y": 540, "width": 35.546875 },
    "k": { "x": 0, "y": 720, "width": 80 },
    "l": { "x": 100, "y": 720, "width": 35.546875 },
    "m": { "x": 156, "y": 720, "width": 133.28125 },
    "n": { "x": 310, "y": 720, "width": 88.984375 },
    "o": { "x": 419, "y": 720, "width": 88.984375 },
    "p": { "x": 528, "y": 720, "width": 88.984375 },
    "q": { "x": 637, "y": 720, "width": 88.984375 },
    "r": { "x": 746, "y": 720, "width": 53.28125 },
    "s": { "x": 820, "y": 720, "width": 80 },
    "t": { "x": 920, "y": 720, "width": 44.453125 },
    "u": { "x": 985, "y": 720, "width": 88.984375 },
    "v": { "x": 1094, "y": 720, "width": 80 },
    "w": { "x": 1194, "y": 720, "width": 115.546875 },
    "x": { "x": 1330, "y": 720, "width": 80 },
    "y": { "x": 1430, "y": 720, "width": 80 },
    "z": { "x": 1530, "y": 720, "width": 80 },
    "{": { "x": 1630, "y": 720, "width": 53.4375 },
    "|": { "x": 1704, "y": 720, "width": 41.5625 },
    "}": { "x": 1766, "y": 720, "width": 53.4375 }
  },
  "textureWidth": 2034,
  "textureHeight": 900
}
