{
  "charInfo": {
    "0": {
      "x": 1351,
      "y": 0,
      "height": 116,
      "width": 88.984375,
      "yOffset": 49
    },
    "1": {
      "x": 1459,
      "y": 0,
      "height": 112,
      "width": 88.984375,
      "yOffset": 49
    },
    "2": {
      "x": 1551,
      "y": 0,
      "height": 113,
      "width": 88.984375,
      "yOffset": 48
    },
    "3": {
      "x": 1659,
      "y": 0,
      "height": 117,
      "width": 88.984375,
      "yOffset": 48
    },
    "4": {
      "x": 1765,
      "y": 0,
      "height": 113,
      "width": 88.984375,
      "yOffset": 48
    },
    "5": {
      "x": 0,
      "y": 170,
      "height": 113,
      "width": 88.984375,
      "yOffset": 50
    },
    "6": {
      "x": 108,
      "y": 170,
      "height": 116,
      "width": 88.984375,
      "yOffset": 48
    },
    "7": {
      "x": 217,
      "y": 170,
      "height": 110,
      "width": 88.984375,
      "yOffset": 50
    },
    "8": {
      "x": 327,
      "y": 170,
      "height": 117,
      "width": 88.984375,
      "yOffset": 48
    },
    "9": {
      "x": 435,
      "y": 170,
      "height": 117,
      "width": 88.984375,
      "yOffset": 48
    },
    " ": {
      "x": 0,
      "y": 0,
      "height": 0,
      "width": 44.453125,
      "yOffset": 160
    },
    "!": {
      "x": 20,
      "y": 0,
      "height": 115,
      "width": 44.453125,
      "yOffset": 46
    },
    "\"": {
      "x": 93,
      "y": 0,
      "height": 47,
      "width": 56.796875,
      "yOffset": 46
    },
    "#": {
      "x": 167,
      "y": 0,
      "height": 115,
      "width": 88.984375,
      "yOffset": 46
    },
    "$": {
      "x": 276,
      "y": 0,
      "height": 144,
      "width": 88.984375,
      "yOffset": 36
    },
    "%": {
      "x": 384,
      "y": 0,
      "height": 115,
      "width": 142.265625,
      "yOffset": 49
    },
    "&": {
      "x": 546,
      "y": 0,
      "height": 118,
      "width": 106.71875,
      "yOffset": 46
    },
    "'": {
      "x": 677,
      "y": 0,
      "height": 47,
      "width": 30.546875,
      "yOffset": 46
    },
    "(": {
      "x": 736,
      "y": 0,
      "height": 150,
      "width": 53.28125,
      "yOffset": 44
    },
    ")": {
      "x": 815,
      "y": 0,
      "height": 150,
      "width": 53.28125,
      "yOffset": 44
    },
    "*": {
      "x": 883,
      "y": 0,
      "height": 47,
      "width": 62.265625,
      "yOffset": 46
    },
    "+": {
      "x": 965,
      "y": 0,
      "height": 82,
      "width": 93.4375,
      "yOffset": 79
    },
    ",": {
      "x": 1081,
      "y": 0,
      "height": 42,
      "width": 44.453125,
      "yOffset": 143
    },
    "-": {
      "x": 1145,
      "y": 0,
      "height": 15,
      "width": 53.28125,
      "yOffset": 109
    },
    ".": {
      "x": 1218,
      "y": 0,
      "height": 18,
      "width": 44.453125,
      "yOffset": 143
    },
    "/": {
      "x": 1282,
      "y": 0,
      "height": 115,
      "width": 44.453125,
      "yOffset": 46
    },
    ":": {
      "x": 543,
      "y": 170,
      "height": 83,
      "width": 44.453125,
      "yOffset": 78
    },
    ";": {
      "x": 615,
      "y": 170,
      "height": 107,
      "width": 44.453125,
      "yOffset": 78
    },
    "<": {
      "x": 688,
      "y": 170,
      "height": 86,
      "width": 93.4375,
      "yOffset": 77
    },
    "=": {
      "x": 804,
      "y": 170,
      "height": 48,
      "width": 93.4375,
      "yOffset": 96
    },
    ">": {
      "x": 920,
      "y": 170,
      "height": 86,
      "width": 93.4375,
      "yOffset": 77
    },
    "?": {
      "x": 1036,
      "y": 170,
      "height": 117,
      "width": 88.984375,
      "yOffset": 44
    },
    "@": {
      "x": 1150,
      "y": 170,
      "height": 122,
      "width": 162.421875,
      "yOffset": 43
    },
    "A": {
      "x": 1333,
      "y": 170,
      "height": 115,
      "width": 106.71875,
      "yOffset": 46
    },
    "B": {
      "x": 1461,
      "y": 170,
      "height": 115,
      "width": 106.71875,
      "yOffset": 46
    },
    "C": {
      "x": 1594,
      "y": 170,
      "height": 121,
      "width": 115.546875,
      "yOffset": 43
    },
    "D": {
      "x": 1730,
      "y": 170,
      "height": 115,
      "width": 115.546875,
      "yOffset": 46
    },
    "E": {
      "x": 0,
      "y": 330,
      "height": 115,
      "width": 106.71875,
      "yOffset": 46
    },
    "F": {
      "x": 133,
      "y": 330,
      "height": 115,
      "width": 97.734375,
      "yOffset": 46
    },
    "G": {
      "x": 260,
      "y": 330,
      "height": 122,
      "width": 124.453125,
      "yOffset": 43
    },
    "H": {
      "x": 401,
      "y": 330,
      "height": 115,
      "width": 115.546875,
      "yOffset": 46
    },
    "I": {
      "x": 538,
      "y": 330,
      "height": 115,
      "width": 44.453125,
      "yOffset": 46
    },
    "J": {
      "x": 606,
      "y": 330,
      "height": 119,
      "width": 80,
      "yOffset": 46
    },
    "K": {
      "x": 698,
      "y": 330,
      "height": 115,
      "width": 106.71875,
      "yOffset": 46
    },
    "L": {
      "x": 837,
      "y": 330,
      "height": 115,
      "width": 88.984375,
      "yOffset": 46
    },
    "M": {
      "x": 956,
      "y": 330,
      "height": 115,
      "width": 133.28125,
      "yOffset": 46
    },
    "N": {
      "x": 1110,
      "y": 330,
      "height": 115,
      "width": 115.546875,
      "yOffset": 46
    },
    "O": {
      "x": 1246,
      "y": 330,
      "height": 122,
      "width": 124.453125,
      "yOffset": 43
    },
    "P": {
      "x": 1391,
      "y": 330,
      "height": 115,
      "width": 106.71875,
      "yOffset": 46
    },
    "Q": {
      "x": 1525,
      "y": 330,
      "height": 128,
      "width": 124.453125,
      "yOffset": 43
    },
    "R": {
      "x": 1670,
      "y": 330,
      "height": 115,
      "width": 115.546875,
      "yOffset": 46
    },
    "S": {
      "x": 1814,
      "y": 330,
      "height": 122,
      "width": 106.71875,
      "yOffset": 43
    },
    "T": {
      "x": 0,
      "y": 490,
      "height": 115,
      "width": 97.734375,
      "yOffset": 46
    },
    "U": {
      "x": 119,
      "y": 490,
      "height": 119,
      "width": 115.546875,
      "yOffset": 46
    },
    "V": {
      "x": 256,
      "y": 490,
      "height": 115,
      "width": 106.71875,
      "yOffset": 46
    },
    "W": {
      "x": 385,
      "y": 490,
      "height": 115,
      "width": 151.015625,
      "yOffset": 46
    },
    "X": {
      "x": 557,
      "y": 490,
      "height": 115,
      "width": 106.71875,
      "yOffset": 46
    },
    "Y": {
      "x": 685,
      "y": 490,
      "height": 115,
      "width": 106.71875,
      "yOffset": 46
    },
    "Z": {
      "x": 814,
      "y": 490,
      "height": 115,
      "width": 97.734375,
      "yOffset": 46
    },
    "[": {
      "x": 932,
      "y": 490,
      "height": 148,
      "width": 44.453125,
      "yOffset": 45
    },
    "\\": {
      "x": 1002,
      "y": 490,
      "height": 115,
      "width": 44.453125,
      "yOffset": 46
    },
    "]": {
      "x": 1069,
      "y": 490,
      "height": 148,
      "width": 44.453125,
      "yOffset": 45
    },
    "^": {
      "x": 1127,
      "y": 490,
      "height": 68,
      "width": 75.078125,
      "yOffset": 46
    },
    "_": {
      "x": 1233,
      "y": 490,
      "height": 8,
      "width": 88.984375,
      "yOffset": 173
    },
    "`": {
      "x": 1342,
      "y": 490,
      "height": 24,
      "width": 53.28125,
      "yOffset": 43
    },
    "a": {
      "x": 1400,
      "y": 490,
      "height": 89,
      "width": 88.984375,
      "yOffset": 75
    },
    "b": {
      "x": 1512,
      "y": 490,
      "height": 119,
      "width": 88.984375,
      "yOffset": 45
    },
    "c": {
      "x": 1625,
      "y": 490,
      "height": 90,
      "width": 80,
      "yOffset": 74
    },
    "d": {
      "x": 1726,
      "y": 490,
      "height": 119,